country,rank,titles,movies,tv_shows,share_pct,cumulative_pct,tv_share_pct
United States,1,3240,2395,845,38.12,38.12,26.1
India,2,1056,975,81,12.42,50.54,7.7
United Kingdom,3,638,387,251,7.51,58.05,39.3
Pakistan,4,420,71,349,4.94,62.99,83.1
Canada,5,271,187,84,3.19,66.18,31.0
Japan,6,259,87,172,3.05,69.23,66.4
South Korea,7,214,49,165,2.52,71.75,77.1
France,8,213,148,65,2.51,74.26,30.5
Spain,9,182,129,53,2.14,76.4,29.1
Mexico,10,138,90,48,1.62,78.02,34.8
Egypt,11,123,109,14,1.45,79.47,11.4
Australia,12,114,61,53,1.34,80.81,46.5
Turkey,13,111,81,30,1.31,82.12,27.0
Nigeria,14,105,96,9,1.24,83.36,8.6
Germany,15,104,79,25,1.22,84.58,24.0
China,16,100,59,41,1.18,85.76,41.0
Brazil,17,88,60,28,1.04,86.8,31.8
Taiwan,18,86,15,71,1.01,87.81,82.6
Indonesia,19,86,84,2,1.01,88.82,2.3
Philippines,20,83,80,3,0.98,89.8,3.6
Hong Kong,21,79,76,3,0.93,90.73,3.8
Argentina,22,76,56,20,0.89,91.62,26.3
Italy,23,66,47,19,0.78,92.4,28.8
Thailand,24,66,42,24,0.78,93.18,36.4
South Africa,25,42,35,7,0.49,93.67,16.7
Colombia,26,42,17,25,0.49,94.16,59.5
Denmark,27,30,19,11,0.35,94.51,36.7
Poland,28,30,22,8,0.35,94.86,26.7
Netherlands,29,28,23,5,0.33,95.19,17.9
Ireland,30,28,22,6,0.33,95.52,21.4
Singapore,31,28,10,18,0.33,95.85,64.3
Lebanon,32,24,18,6,0.28,96.13,25.0
Malaysia,33,23,16,7,0.27,96.4,30.4
Israel,34,22,12,10,0.26,96.66,45.5
Chile,35,22,18,4,0.26,96.92,18.2
United Arab Emirates,36,21,20,1,0.25,97.17,4.8
Norway,37,20,11,9,0.24,97.41,45.0
Russia,38,19,5,14,0.22,97.63,73.7
Sweden,39,19,11,8,0.22,97.85,42.1
Belgium,40,18,9,9,0.21,98.06,50.0
New Zealand,41,17,15,2,0.2,98.26,11.8
Saudi Arabia,42,12,7,5,0.14,98.4,41.7
Romania,43,10,10,0,0.12,98.52,0.0
Uruguay,44,9,8,1,0.11,98.63,11.1
Austria,45,9,8,1,0.11,98.74,11.1
Switzerland,46,8,7,1,0.09,98.83,12.5
Vietnam,47,7,7,0,0.08,98.91,0.0
Kuwait,48,7,5,2,0.08,98.99,28.6
Czech Republic,49,6,5,1,0.07,99.06,16.7
Iceland,50,6,3,3,0.07,99.13,50.0
Peru,51,6,6,0,0.07,99.2,0.0
Finland,52,6,3,3,0.07,99.27,50.0
Bulgaria,53,5,5,0,0.06,99.33,0.0
Hungary,54,5,5,0,0.06,99.39,0.0
Ghana,55,4,4,0,0.05,99.44,0.0
Kenya,56,4,4,0,0.05,99.49,0.0
Portugal,57,4,4,0,0.05,99.54,0.0
Serbia,58,3,3,0,0.04,99.58,0.0
Bangladesh,59,3,3,0,0.04,99.62,0.0
Croatia,60,2,1,1,0.02,99.64,50.0
Cambodia,61,2,2,0,0.02,99.66,0.0
Venezuela,62,2,2,0,0.02,99.68,0.0
Jordan,63,2,0,2,0.02,99.7,100.0
Ukraine,64,2,0,2,0.02,99.72,100.0
Georgia,65,2,2,0,0.02,99.74,0.0
Mauritius,66,2,1,1,0.02,99.76,50.0
Syria,67,2,2,0,0.02,99.78,0.0
Belarus,68,1,0,1,0.01,99.79,100.0
Cameroon,69,1,1,0,0.01,99.8,0.0
Cyprus,70,1,0,1,0.01,99.81,100.0
Mozambique,71,1,1,0,0.01,99.82,0.0
Namibia,72,1,1,0,0.01,99.83,0.0
Luxembourg,73,1,0,1,0.01,99.84,100.0
Guatemala,74,1,1,0,0.01,99.85,0.0
Greece,75,1,1,0,0.01,99.86,0.0
Iran,76,1,1,0,0.01,99.87,0.0
Jamaica,77,1,1,0,0.01,99.88,0.0
Paraguay,78,1,1,0,0.01,99.89,0.0
Soviet Union,79,1,1,0,0.01,99.9,0.0
Senegal,80,1,0,1,0.01,99.91,100.0
Slovenia,81,1,1,0,0.01,99.92,0.0
Puerto Rico,82,1,0,1,0.01,99.93,100.0
Somalia,83,1,1,0,0.01,99.94,0.0
West Germany,84,1,1,0,0.01,99.95,0.0
Zimbabwe,85,1,1,0,0.01,99.96,0.0
