release_year,titles,movies,tv_shows,yoy_change,yoy_pct,moving_avg_3yr,trend
1925,1,0,1,,,,Flat
1926,0,0,0,-1.0,-100.0,,Decline
1927,0,0,0,0.0,,0.3,Flat
1928,0,0,0,0.0,,0.0,Flat
1929,0,0,0,0.0,,0.0,Flat
1930,0,0,0,0.0,,0.0,Flat
1931,0,0,0,0.0,,0.0,Flat
1932,0,0,0,0.0,,0.0,Flat
1933,0,0,0,0.0,,0.0,Flat
1934,0,0,0,0.0,,0.0,Flat
1935,0,0,0,0.0,,0.0,Flat
1936,0,0,0,0.0,,0.0,Flat
1937,0,0,0,0.0,,0.0,Flat
1938,0,0,0,0.0,,0.0,Flat
1939,0,0,0,0.0,,0.0,Flat
1940,0,0,0,0.0,,0.0,Flat
1941,0,0,0,0.0,,0.0,Flat
1942,2,2,0,2.0,,0.7,Growth
1943,3,3,0,1.0,50.0,1.7,Growth
1944,3,3,0,0.0,0.0,2.7,Flat
1945,4,3,1,1.0,33.3,3.3,Growth
1946,2,1,1,-2.0,-50.0,3.0,Decline
1947,1,1,0,-1.0,-50.0,2.3,Decline
1948,0,0,0,-1.0,-100.0,1.0,Decline
1949,0,0,0,0.0,,0.3,Flat
1950,0,0,0,0.0,,0.0,Flat
1951,0,0,0,0.0,,0.0,Flat
1952,0,0,0,0.0,,0.0,Flat
1953,0,0,0,0.0,,0.0,Flat
1954,2,2,0,2.0,,0.7,Growth
1955,3,3,0,1.0,50.0,1.7,Growth
1956,2,2,0,-1.0,-33.3,2.3,Decline
1957,0,0,0,-2.0,-100.0,1.7,Decline
1958,3,3,0,3.0,,1.7,Growth
1959,1,1,0,-2.0,-66.7,1.3,Decline
1960,4,4,0,3.0,300.0,2.7,Growth
1961,1,1,0,-3.0,-75.0,2.0,Decline
1962,3,3,0,2.0,200.0,2.7,Growth
1963,2,1,1,-1.0,-33.3,2.0,Decline
1964,2,2,0,0.0,0.0,2.3,Flat
1965,2,2,0,0.0,0.0,2.0,Flat
1966,1,1,0,-1.0,-50.0,1.7,Decline
1967,5,4,1,4.0,400.0,2.7,Growth
1968,3,3,0,-2.0,-40.0,3.0,Decline
1969,2,2,0,-1.0,-33.3,3.3,Decline
1970,2,2,0,0.0,0.0,2.3,Flat
1971,5,5,0,3.0,150.0,3.0,Growth
1972,5,4,1,0.0,0.0,4.0,Flat
1973,10,10,0,5.0,100.0,6.7,Growth
1974,7,6,1,-3.0,-30.0,7.3,Decline
1975,7,7,0,0.0,0.0,8.0,Flat
1976,9,9,0,2.0,28.6,7.7,Growth
1977,7,6,1,-2.0,-22.2,7.7,Decline
1978,7,7,0,0.0,0.0,7.7,Flat
1979,11,10,1,4.0,57.1,8.3,Growth
1980,11,11,0,0.0,0.0,9.7,Flat
1981,13,12,1,2.0,18.2,11.7,Growth
1982,17,17,0,4.0,30.8,13.7,Growth
1983,11,11,0,-6.0,-35.3,13.7,Decline
1984,12,12,0,1.0,9.1,13.3,Growth
1985,10,9,1,-2.0,-16.7,11.0,Decline
1986,13,11,2,3.0,30.0,11.7,Growth
1987,8,8,0,-5.0,-38.5,10.3,Decline
1988,18,16,2,10.0,125.0,13.0,Growth
1989,16,15,1,-2.0,-11.1,14.0,Decline
1990,22,19,3,6.0,37.5,18.7,Growth
1991,17,16,1,-5.0,-22.7,18.3,Decline
1992,23,20,3,6.0,35.3,20.7,Growth
1993,28,24,4,5.0,21.7,22.7,Growth
1994,22,20,2,-6.0,-21.4,24.3,Decline
1995,25,23,2,3.0,13.6,25.0,Growth
1996,24,21,3,-1.0,-4.0,23.7,Decline
1997,38,34,4,14.0,58.3,29.0,Growth
1998,36,32,4,-2.0,-5.3,32.7,Decline
1999,39,32,7,3.0,8.3,37.7,Growth
2000,37,33,4,-2.0,-5.1,37.3,Decline
2001,45,40,5,8.0,21.6,40.3,Growth
2002,51,44,7,6.0,13.3,44.3,Growth
2003,59,51,8,8.0,15.7,51.7,Growth
2004,64,55,9,5.0,8.5,58.0,Growth
2005,80,67,13,16.0,25.0,67.7,Growth
2006,96,82,14,16.0,20.0,80.0,Growth
2007,88,74,14,-8.0,-8.3,88.0,Decline
2008,135,113,22,47.0,53.4,106.3,Growth
2009,152,118,34,17.0,12.6,125.0,Growth
2010,192,153,39,40.0,26.3,159.7,Growth
2011,185,145,40,-7.0,-3.6,176.3,Decline
2012,236,173,63,51.0,27.6,204.3,Growth
2013,286,225,61,50.0,21.2,235.7,Growth
2014,351,263,88,65.0,22.7,291.0,Growth
2015,555,396,159,204.0,58.1,397.3,Growth
2016,901,658,243,346.0,62.3,602.3,Growth
2017,1030,765,265,129.0,14.3,828.7,Growth
2018,1144,766,378,114.0,11.1,1025.0,Growth
2019,1029,632,397,-115.0,-10.1,1067.7,Decline
2020,953,517,436,-76.0,-7.4,1042.0,Decline
2021,592,277,315,-361.0,-37.9,858.0,Decline
